"","age","marital","balance","housing","duration","campaign","pdays","previous","y"
"1",0.19806976350248,-1.04629924020543,4457.41775891603,-0.959567210136544,121.830353246711,-0.723428206559773,0.353721396016046,0.452003571795249,"1"
"2",104.146940630705,-0.702269515361112,-0.260956339631889,-1.04629924020543,3678.39336905394,3.03862949876572,-0.55839868066867,-0.723877646928655,"1"
"3",-0.689720178893626,-0.476696519712976,4730.53644018208,-0.702269515361112,33.7987805129382,-1.03860930317821,-2.99624765331573,-0.959567210136544,"1"
"4",118.986334056931,-0.00208617190785308,0.804669047638875,-0.484837871827967,779.493453783607,-0.702269515361112,20.6706339632953,-1.04373592786303,"1"
"5",-0.954019995878704,0.998749217771909,508.810513174902,-0.280242426288262,-0.287920489113158,-0.468555167597986,242.406856709252,-0.212029015981627,"1"
"6",39.0072109343771,-4.02497038533371,21.0058768415407,-0.998749217771909,856.653626849399,-0.00208617190785308,-0.724327087297537,-0.484837871827967,"1"
"7",-0.102194322423417,0.452003571795249,846.923553911768,-4.02497038533371,-0.454174089108914,0.998749217771909,-2.95866556458768,-0.280242426288262,"1"
"8",10.5678514945477,-0.723428206559773,20.9269181905968,-2.2068409681768,317.954055081304,-3.65774950282621,-1.04886255254784,-0.998749217771909,"1"
"9",58.9262038485426,1.03953114431459,134.347384693829,-0.723428206559773,5.23853266501029,0.452003571795249,-1.68275051412008,-4.11677560596058,"1"
"10",-1.45442420778125,-1.04373592786303,13116.5734769985,1.03953114431459,220.019511042995,-0.722978766190891,1.94128505843918,0.452003571795249,"1"
"11",159.982675970118,-0.702269515361112,111.28238672202,-1.04629924020543,1003.74296386077,1.03953114431459,-0.55839868066867,-0.723877646928655,"1"
"12",-0.703203389960085,-0.476696519712976,2135.50416916935,-0.702269515361112,93.4721739204061,-1.04117261552062,720.098186013546,1.03953114431459,"1"
"13",98.9953505124201,-0.280242426288262,-0.545899260851401,-0.484837871827967,1901.52584965181,-0.212029015981627,-4.20858082658746,-1.04629924020543,"1"
"14",-0.925823560112203,0.998749217771909,7347.72598375223,-0.280242426288262,-0.537359893842643,-0.468555167597986,907.117991702265,-0.702269515361112,"1"
"15",15.9659074635414,-4.02497038533371,-0.564396519832509,0.998749217771909,3727.35886384123,0.276070082472555,-0.724327087297537,-0.484837871827967,"1"
"16",-0.175466491458331,-2.2068409681768,582.193684246846,-4.02497038533371,-0.838670940470291,2.99624765331573,780.687889380256,0.554226336852964,"1"
"17",7.78628895074358,-0.723428206559773,-4.49852446451824,0.452003571795249,261.576397652663,-3.93316516470684,-0.190152917840769,6.99124452440336,"1"
"18",116.853658479313,1.03953114431459,-0.280242426288262,-0.723877646928655,3.5369900729773,0.452003571795249,-1.68275051412008,-4.11677560596058,"1"
"19",-0.53637200151251,-1.04373592786303,104.86866786605,-0.959567210136544,71.2059149494767,-0.723428206559773,2.72285486147826,0.452003571795249,"1"
"20",82.8761843109289,-0.702269515361112,27.8314411721915,-1.04373592786303,1848.6848020958,1.03953114431459,-0.55839868066867,-0.723877646928655,"1"
"21",-0.701855068853439,-0.476696519712976,4863.47866718068,-0.702269515361112,19.8443869776534,-1.04373592786303,356.553470744572,1.03953114431459,"1"
"22",69.0088751956531,-0.00208617190785308,-0.334212847108,-0.476696519712976,609.327403225395,0.278211483397858,-4.20858082658746,-1.04629924020543,"1"
"23",-0.96683655759075,0.998749217771909,2809.77271914816,-0.00208617190785308,-0.233538204478442,-0.468555167597986,-4.86568550814886,-1.1925100147406,"1"
"24",14.9854264647824,-4.11677560596058,8.04320632597751,0.998749217771909,1552.33985419839,0.276070082472555,-0.724327087297537,-0.484837871827967,"1"
"25",-0.183607843573321,0.452003571795249,91.462944367982,-4.11677560596058,-0.397781217575912,2.99624765331573,-2.95866556458768,-0.280242426288262,"1"
"26",12.5149452752105,-0.723877646928655,-0.484837871827967,-2.2068409681768,500.323520850472,-3.84135994407996,-1.04886255254784,-0.998749217771909,"1"
"27",64.9186991551741,1.03953114431459,237.543355068961,-0.723877646928655,0.410710860820979,0.452003571795249,-1.68275051412008,-4.11677560596058,"1"
"28",0.657095866636848,-1.04373592786303,186.766103723347,-0.959567210136544,67.5898836425314,-0.723428206559773,-0.492979223942957,-2.2068409681768,"1"
"29",112.123474250621,-0.702269515361112,8.00151351678674,-1.04629924020543,1145.56535278438,1.03953114431459,23.084882941666,-0.722529325822009,"1"
"30",-0.703652830328967,-0.484837871827967,-552.587660742392,-1.1925100147406,76.4882081044345,-1.04117261552062,-2.99624765331573,-0.959567210136544,"1"
"31",90.9989570946156,-0.00208617190785308,-0.236234846691733,-0.476696519712976,1388.36885343721,-0.212029015981627,28.2904672753258,-0.897627124345702,"1"
"32",-0.923260247769794,0.998749217771909,3189.60140649387,-0.00208617190785308,-0.382302966578369,-0.476696519712976,-4.86568550814886,-1.1925100147406,"1"
"33",11.553742969126,-4.02497038533371,3.04218394593721,-0.998749217771909,308.900677729789,-0.00208617190785308,-0.67668640819605,-0.476696519712976,"1"
"34",-0.142901082998369,0.452003571795249,0.768451982777342,-4.02497038533371,0.991534072009863,0.998749217771909,-2.95866556458768,-0.280242426288262,"1"
"35",13.9057265471126,-0.723428206559773,-0.484837871827967,0.452003571795249,462.575002398252,-3.84135994407996,-1.04886255254784,-0.998749217771909,"1"
"36",68.9136960262617,1.03953114431459,327.109668979452,-0.723877646928655,1.4935106921147,8.42853719171141,-1.68275051412008,-4.11677560596058,"1"
"37",-0.628177222139383,-1.04373592786303,8799.97935778829,1.03953114431459,191.369416841813,-0.722978766190891,-0.492979223942957,-2.2068409681768,"1"
"38",128.076541490454,-0.702269515361112,3.68666814732368,-1.04373592786303,1177.52532775308,9.03592456211912,99.5778528962784,-0.723428206559773,"1"
"39",-0.709944995493314,-0.484837871827967,574.762424205759,-0.702269515361112,158.929296227367,-1.04117261552062,-2.99624765331573,-0.959567210136544,"1"
"40",110.989940639127,-0.00208617190785308,0.848264763420425,-0.484837871827967,699.728117584445,-0.212029015981627,-4.20858082658746,-1.04629924020543,"1"
"41",-0.946330058851477,0.998749217771909,3669.38501156214,-0.280242426288262,-0.318482434197131,-0.460413815482995,-4.86568550814886,-1.1925100147406,"1"
"42",14.4951859654029,-4.02497038533371,0.194343933520608,0.998749217771909,164.965596209307,1.38869509999419,-0.639832297947729,-0.460413815482995,"1"
"43",-0.020780801273513,0.452003571795249,-46.2946359576532,-4.02497038533371,3.09857681747021,0.998749217771909,-2.95866556458768,-0.280242426288262,"1"
"44",18.0780703628187,-0.723428206559773,4.29413581967141,-2.2068409681768,222.847398201684,-3.93316516470684,-0.0414808019810366,2.99624765331573,"1"
"45",64.9186991551741,1.03953114431459,19.4688516347207,-0.723877646928655,2.24251508669382,5.76969265173935,48.8120209219668,-3.93316516470684,"1"
"46",-0.628177222139383,-1.04629924020543,138.826141270295,-0.959567210136544,72.8748524757592,-0.723428206559773,-0.492979223942957,-2.2068409681768,"1"
"47",77.5584952309848,-0.702269515361112,240.635942585285,-1.04629924020543,947.813007665542,3.03862949876572,25.5882892310897,-0.722079885453127,"1"
"48",-0.705450591804495,-0.476696519712976,1539.92299221561,-0.702269515361112,76.120987221927,-1.04373592786303,724.093182884634,1.03953114431459,"1"
"49",120.985432411383,-0.00208617190785308,4.15749419949826,-0.484837871827967,596.033180525535,-0.702269515361112,4.23749947108492,-1.03348267849339,"1"
"50",-0.943766746509068,0.998749217771909,2613.86108041195,-0.280242426288262,0.0743284482056978,-0.468555167597986,-4.86568550814886,-1.1925100147406,"1"
"51",15.4756669641619,-4.02497038533371,17.612051300191,0.998749217771909,1762.24518141576,-0.00208617190785308,-0.724327087297537,-0.484837871827967,"1"
"52",-0.020780801273513,0.452003571795249,1139.10689154194,-4.11677560596058,-0.0773671747747651,0.998749217771909,-2.95866556458768,-0.280242426288262,"1"
"53",12.5149452752105,-0.723428206559773,2.35649401630369,-2.2068409681768,227.259562696099,-3.74955472345309,-0.820727754073427,4.99374608885955,"1"
"54",110.861163172682,-0.959567210136544,192.760198113715,-0.723877646928655,0.687516832730653,0.452003571795249,48.8120209219668,-4.02497038533371,"1"
"55",1.20792719039809,-1.04373592786303,1127.58786686449,-0.959567210136544,42.2776644939142,-0.723428206559773,0.272307874866142,0.452003571795249,"1"
"56",152.006142350202,-1.1925100147406,519.264787187846,-1.04629924020543,706.11569696474,1.03953114431459,23.9193517048073,-0.723428206559773,"1"
"57",-0.69511346332021,-0.476696519712976,1008.1540842212,-1.1925100147406,39.8579250743119,-1.04373592786303,-2.99624765331573,-0.959567210136544,"1"
"58",67.009776841202,-0.280242426288262,0.572757817295786,-0.484837871827967,832.670344583048,-0.212029015981627,10.2048388118317,-1.0360459908358,"1"
"59",-0.889937187318475,0.998749217771909,5156.71418727379,-0.280242426288262,-0.602528747330527,-0.460413815482995,534.879756106178,2.2391734809158,"1"
"60",16.9463884623003,-4.02497038533371,7.03838788775312,0.998749217771909,806.676167988121,-0.00208617190785308,-0.586798334419658,-0.460413815482995,"1"
"61",-0.020780801273513,0.452003571795249,1393.54171071989,-4.02497038533371,1.88356676716826,8.98874295994718,-2.95866556458768,-0.280242426288262,"1"
"62",11.6804765120693,-0.723877646928655,4.23714635486647,0.452003571795249,741.031606045799,-4.02497038533371,-0.318318534961228,2.99624765331573,"1"
"63",70.9111944618055,1.03953114431459,418.623076670607,-0.723877646928655,2.16924291765891,5.76969265173935,-1.68275051412008,-4.11677560596058,"1"
"64",0.657095866636848,-1.04373592786303,2449.93183119449,-0.959567210136544,312.08923124291,-0.722079885453127,-0.492979223942957,-2.2068409681768,"1"
"65",165.300365050063,-0.702269515361112,261.751143329466,-1.04629924020543,606.240775187549,1.03953114431459,32.8203518449803,-0.722978766190891,"1"
"66",-0.697810105533501,-0.484837871827967,5174.56347835741,-1.1925100147406,16.8148146969666,-1.04373592786303,-2.99624765331573,-0.959567210136544,"1"
"67",92.9980554490667,-0.00208617190785308,-0.723877646928655,-0.484837871827967,1569.17028215531,-0.702269515361112,-3.19872339969185,-1.04373592786303,"1"
"68",-0.915570310742567,0.998749217771909,4185.15238701054,-0.280242426288262,-0.518033957980719,-0.435989759138024,-4.86568550814886,-1.1925100147406,"1"
"69",34.5950464399618,-4.02497038533371,0.994097384352272,-0.998749217771909,852.655430140497,-0.00208617190785308,-0.642079499792139,-0.468555167597986,"1"
"70",-0.102194322423417,0.452003571795249,1365.10776175588,-4.11677560596058,0.181527371808562,0.998749217771909,-2.95866556458768,-0.280242426288262,"1"
"71",12.2367890208301,-0.723428206559773,43.0388305349108,0.452003571795249,90.482463369223,-4.02497038533371,-1.04886255254784,-0.998749217771909,"1"
"72",110.861163172682,1.03953114431459,-335.736685209061,-0.723428206559773,2.62515863609837,3.1108481117673,-1.68275051412008,-4.11677560596058,"1"
"73",-0.628177222139383,-1.04373592786303,13438.170725121,-0.959567210136544,69.8151336775747,-0.722079885453127,-0.492979223942957,-2.2068409681768,"1"
"74",101.488096090733,-0.702269515361112,6.71624042801051,-1.04629924020543,1808.73483338493,1.03953114431459,-0.55839868066867,-0.723877646928655,"1"
"75",-0.709495555124432,-0.476696519712976,1997.24425309081,-0.702269515361112,43.5301338993869,-1.04117261552062,330.585991082502,9.03592456211912,"1"
"76",108.990842284676,-0.280242426288262,-0.723877646928655,-0.484837871827967,694.410428504501,1.74893298153631,13.601631975026,-1.0360459908358,"1"
"77",-0.969399869933159,0.998749217771909,4329.08746853102,-0.280242426288262,-0.581854490361957,-0.468555167597986,-4.86568550814886,-1.1925100147406,"1"
"78",23.3195149542336,-4.02497038533371,-0.456737401451324,-0.998749217771909,2176.05854078715,0.832382591233372,-0.724327087297537,-0.484837871827967,"1"
"79",-0.102194322423417,0.452003571795249,151.762525791659,-4.11677560596058,1.21966887048428,0.998749217771909,-2.95866556458768,-0.280242426288262,"1"
"80",14.4620390558734,-0.723428206559773,14.1370305266948,-2.2068409681768,232.161967689894,-4.02497038533371,-0.551579958120463,0.998749217771909,"1"
"81",120.848655350401,1.03953114431459,23.6411954504269,-0.723877646928655,4.71748612965091,0.452003571795249,44.890096926931,-4.02497038533371,"1"
"82",-0.169151119005015,-1.04373592786303,1395.25265722736,1.03953114431459,349.640325584266,-0.722978766190891,0.508407086200864,3.1108481117673,"1"
"83",98.8292515507612,-0.702269515361112,3.9620838092043,-1.04629924020543,562.295809605585,3.03862949876572,51.4568208884677,-0.722079885453127,"1"
"84",-0.70904611475555,-0.476696519712976,3395.79648111611,-1.1925100147406,55.4648125808804,-1.04373592786303,-2.99624765331573,-0.959567210136544,"1"
"85",108.990842284676,-0.00208617190785308,0.774556542923784,-0.484837871827967,1678.18290829416,0.768451982777342,-4.20858082658746,-1.04629924020543,"1"
"86",-0.954019995878704,0.998749217771909,988.594118243174,-0.280242426288262,-0.639832297947729,-0.476696519712976,247.724545789196,3.21965447967477,"1"
"87",23.3195149542336,-4.02497038533371,9.48378786241147,0.998749217771909,1050.56616723116,0.276070082472555,-0.724327087297537,-0.484837871827967,"1"
"88",-0.0126394491585226,0.452003571795249,1055.27576614805,-4.11677560596058,-0.410597779287958,2.99624765331573,362.87633329997,1.6668513543746,"1"
"89",11.6804765120693,-0.723428206559773,34.7916408424255,0.452003571795249,729.265834060692,-3.84135994407996,-1.04886255254784,-0.998749217771909,"1"
"90",128.838649092576,1.03953114431459,888.428990319117,-0.723877646928655,6.87494444012337,0.452003571795249,-1.68275051412008,-4.11677560596058,"1"
"91",-1.08720332527375,-1.04373592786303,3930.07817193246,1.03953114431459,505.129671782914,-0.722529325822009,-0.492979223942957,-2.2068409681768,"1"
"92",144.029608730286,-0.702269515361112,758.233776479598,-1.04629924020543,384.518448842185,1.03953114431459,25.3101329767093,-0.723428206559773,"1"
"93",-0.688821298155862,-0.484837871827967,606.668558685423,-1.1925100147406,4.78833079484616,-1.04373592786303,-2.99624765331573,-0.959567210136544,"1"
"94",142.975514310345,-0.00208617190785308,-0.722978766190891,-0.484837871827967,388.643306407715,-0.212029015981627,-4.20858082658746,-1.04629924020543,"1"
"95",-0.887373874976066,-0.998749217771909,11.0350229165703,-0.00208617190785308,-0.677585288933813,-0.476696519712976,481.702865306737,0.278211483397858,"1"
"96",18.9073504598183,-4.02497038533371,-0.415724403972777,-0.998749217771909,1364.42460887999,0.554226336852964,-0.724327087297537,-0.484837871827967,"1"
"97",0.0606327198763911,-2.2068409681768,992.524982227475,-4.11677560596058,-0.633605953077557,2.99624765331573,-2.95866556458768,-0.280242426288262,"1"
"98",8.3426014595044,-0.723877646928655,-2.73999240768031,0.452003571795249,492.96991335978,-3.93316516470684,-1.04886255254784,-0.998749217771909,"1"
"99",90.8861788172437,1.03953114431459,919.860647064103,-0.723877646928655,0.907333339835394,0.452003571795249,43.4193754287925,-3.93316516470684,"1"
"100",0.565290646009974,-1.04373592786303,5262.40962844019,-0.959567210136544,112.929353106538,-0.722529325822009,0.117622184681324,11.0873817316835,"1"
"101",114.782318790594,-0.702269515361112,93.0131478172718,-1.04629924020543,374.530956664466,5.03772785321685,-0.55839868066867,-0.723877646928655,"1"
"102",-0.704102270697849,-0.476696519712976,4063.16646064909,-0.702269515361112,27.7396359515646,-1.04373592786303,-2.99624765331573,-0.959567210136544,"1"
"103",61.0124817778486,-0.00208617190785308,-0.673989765982758,-0.484837871827967,1337.85080717774,-0.212029015981627,4.42110991233867,-1.04117261552062,"1"
"104",-0.951456683536295,0.998749217771909,8173.35360414055,-0.00208617190785308,-0.59398938032177,-0.468555167597986,460.43210898696,0.768451982777342,"1"
"105",27.731679448649,-4.02497038533371,16.609796174309,-0.998749217771909,2048.11624610227,0.276070082472555,-0.724327087297537,-0.484837871827967,"1"
"106",-0.118477026653398,0.452003571795249,2503.93644181443,-4.11677560596058,-0.172209731443905,2.99624765331573,-2.95866556458768,-0.280242426288262,"1"
"107",16.4091328365362,-0.723428206559773,13.6811148082554,-2.2068409681768,143.918677801587,-3.93316516470684,-1.04886255254784,-0.998749217771909,"1"
"108",62.9212007196303,1.03953114431459,217.516104753572,-0.723428206559773,7.02963013030818,5.76969265173935,-1.68275051412008,-4.11677560596058,"1"
"109",1.29973241102496,-1.04373592786303,989.760474811962,-0.959567210136544,204.999073306453,-0.722529325822009,1.00502956521528,0.452003571795249,"1"
"110",93.5115624708171,-0.702269515361112,106.692125690676,-1.04373592786303,3578.51844727675,3.03862949876572,-0.55839868066867,-0.723877646928655,"1"
"111",-0.70679891291114,-0.476696519712976,2481.15395936572,-0.702269515361112,61.5239571422541,-1.04373592786303,-2.99624765331573,-0.959567210136544,"1"
"112",96.996252157969,-0.280242426288262,-0.298257617597443,-0.484837871827967,2146.13954732924,-0.212029015981627,-4.20858082658746,-1.04629924020543,"1"
"113",-0.946330058851477,0.998749217771909,-0.959567210136544,-0.280242426288262,-0.559382471917859,-0.476696519712976,1157.04937845964,3.70989497905425,"1"
"114",14.4951859654029,-4.11677560596058,-1.16421160795626,-0.998749217771909,2743.80247345127,0.832382591233372,-0.724327087297537,-0.484837871827967,"1"
"115",-0.0614875618484651,0.452003571795249,-255.627329192693,-4.02497038533371,0.0866848151394224,14.9812382665786,-2.95866556458768,-0.280242426288262,"1"
"116",18.6343828715795,-0.723428206559773,3.18691193203271,-2.2068409681768,181.667196253807,-4.02497038533371,-1.04886255254784,-0.998749217771909,"1"
"117",74.9061913328932,-0.959567210136544,16.6872890909167,-0.723877646928655,4.69306207330594,0.452003571795249,-1.68275051412008,-4.11677560596058,"1"
"118",-0.903592884020004,-1.04373592786303,1978.52220040615,1.03953114431459,413.89442034614,-0.722529325822009,-0.492979223942957,-2.2068409681768,"1"
"119",85.5350288509009,-0.702269515361112,29.7593508053558,-1.04629924020543,889.885553034771,1.03953114431459,-0.55839868066867,-0.723877646928655,"1"
"120",-0.703203389960085,-0.476696519712976,1699.45366461394,-0.702269515361112,5.79818822174177,-1.04117261552062,256.678548967381,3.03862949876572,"1"
"121",63.0115801322997,-0.00208617190785308,-0.51129235244749,-0.484837871827967,774.175764703663,0.278211483397858,-4.20858082658746,-1.04629924020543,"1"
"122",-0.951456683536295,0.998749217771909,1096.54542938354,-0.280242426288262,-0.616461398765867,-0.476696519712976,-4.86568550814886,-1.1925100147406,"1"
"123",18.9073504598183,-4.02497038533371,2.89607514241988,-0.998749217771909,1418.40026445017,0.276070082472555,-0.724327087297537,-0.484837871827967,"1"
"124",-0.16732513934334,0.452003571795249,56.1656284126591,-4.02497038533371,1.59903909716084,2.99624765331573,-2.95866556458768,-0.280242426288262,"1"
"125",6.11735142446113,-0.723428206559773,0.0524913677614007,0.452003571795249,680.732024622123,-3.93316516470684,-1.04886255254784,-0.998749217771909,"1"
"126",96.8786741238752,1.03953114431459,1003.30752337823,-0.723428206559773,1.56678286114962,0.452003571795249,81.1678938810128,-4.02497038533371,"1"
"127",2.67681072042807,-1.04373592786303,1337.32520259659,-0.959567210136544,73.7093212389004,-0.721630445084245,-0.492979223942957,-2.2068409681768,"1"
"128",149.34729781023,-0.702269515361112,967.457874288243,-1.04629924020543,588.263289267654,5.03772785321685,-0.55839868066867,-0.723877646928655,"1"
"129",-0.703203389960085,-0.476696519712976,891.164924462433,-0.702269515361112,19.7525817570266,-1.03860930317821,911.858035825753,1.03953114431459,"1"
"130",112.989038993578,-0.00208617190785308,-0.172414314310496,-0.484837871827967,614.645092305339,-0.702269515361112,-4.20858082658746,-1.04629924020543,"1"
"131",-0.920696935427385,0.998749217771909,20489.798565914,-0.00208617190785308,-0.680281931147105,-0.476696519712976,-4.86568550814886,-1.1925100147406,"1"
"132",17.4366289616798,-4.02497038533371,16.9097037183709,0.998749217771909,738.706823936783,-0.00208617190785308,-0.538708214949289,-0.476696519712976,"1"
"133",-0.0696289139634555,0.452003571795249,-954.220040808459,-4.02497038533371,0.550644349115484,0.998749217771909,-2.95866556458768,-0.280242426288262,"1"
"134",18.0780703628187,-0.723428206559773,17.0109278232864,0.452003571795249,64.9899574014898,-3.93316516470684,-0.815601129388609,20.9737335732101,"1"
"135",60.9237022840865,1.03953114431459,723.760487725915,-0.723428206559773,1.79474072036935,8.42853719171141,-1.68275051412008,-4.11677560596058,"1"
"136",1.94236895541308,-1.04629924020543,104.86866786605,-0.959567210136544,156.043572535501,-0.722079885453127,-0.492979223942957,-2.2068409681768,"1"
"137",152.006142350202,-0.702269515361112,186.287251974175,-1.04629924020543,516.353345588077,3.03862949876572,-0.55839868066867,-0.723877646928655,"1"
"138",-0.701405628484557,-0.476696519712976,830.011500043076,-1.1925100147406,83.8326257545844,-1.04373592786303,-2.99624765331573,-0.959567210136544,"1"
"139",61.0124817778486,-0.00208617190785308,1.1404010031937,-0.476696519712976,837.988033662992,0.278211483397858,4.97194123609991,-1.02322942912375,"1"
"140",-0.920696935427385,0.998749217771909,2184.05493420495,-0.00208617190785308,-0.581854490361957,-0.476696519712976,651.868915864948,0.768451982777342,"1"
"141",21.8487934560952,-4.02497038533371,1.54520953797025,-0.998749217771909,1614.31190318638,-0.00208617190785308,-0.724327087297537,-0.484837871827967,"1"
"142",0.0362086635314198,0.452003571795249,1047.92215865736,-4.11677560596058,1.21197893345705,4.99374608885955,308.900677729789,0.276070082472555,"1"
"143",16.4091328365362,-0.723428206559773,-0.484837871827967,-2.2068409681768,583.664405744985,-4.02497038533371,0.00978544486714703,0.998749217771909,"1"
"144",114.85616004377,1.03953114431459,131.287665895645,-0.723877646928655,8.5439216236964,0.452003571795249,127.250500822684,-4.02497038533371,"1"
"145",-1.08720332527375,-1.04373592786303,358.550969180115,-0.959567210136544,155.765416281121,-0.723428206559773,3.05665029819286,5.76969265173935,"1"
"146",96.1704070107891,-1.1925100147406,40.6841720599538,-1.04373592786303,654.1807376406,1.03953114431459,237.265198814581,-0.722978766190891,"1"
"147",-0.702753949591203,-0.476696519712976,8160.44589674603,-1.1925100147406,56.7500856696567,-1.0360459908358,-2.99624765331573,-0.959567210136544,"1"
"148",122.984530765834,-0.00208617190785308,1.32646931591083,-0.476696519712976,444.479041747128,-0.702269515361112,-4.20858082658746,-1.04629924020543,"1"
"149",-0.889937187318475,0.998749217771909,6276.20926576642,-0.00208617190785308,-0.285673287268748,-0.452272463368005,258.359923949084,-0.702269515361112,"1"
"150",22.8292744548542,-4.11677560596058,26.1581346497832,-0.998749217771909,2449.93501534695,-0.00208617190785308,-0.724327087297537,-0.484837871827967,"1"
"151",-0.134759730883379,0.452003571795249,1252.3524468986,-4.02497038533371,-0.62335270370792,2.99624765331573,652.745594695384,0.554226336852964,"1"
"152",19.7470078891011,-0.723428206559773,18.4112403870648,-2.2068409681768,107.150640348126,-3.93316516470684,-0.882247250291247,22.9712320087539,"1"
"153",66.9161975907179,1.03953114431459,241.437542630287,-0.723877646928655,13.168209625011,0.452003571795249,-1.68275051412008,-4.11677560596058,"1"
"154",-0.53637200151251,-1.04373592786303,550.310818992322,-0.959567210136544,92.6239465367682,-0.722978766190891,-0.492979223942957,-2.2068409681768,"1"
"155",183.912276829867,-0.702269515361112,236.96373376021,-1.04629924020543,278.651031758363,3.03862949876572,-0.55839868066867,-0.723877646928655,"1"
"156",-0.703203389960085,-0.476696519712976,1422.93383245684,-0.702269515361112,64.7371398641947,-1.04117261552062,-2.99624765331573,-0.959567210136544,"1"
"157",96.996252157969,-0.00208617190785308,0.950737167525511,-0.484837871827967,2324.28213150737,-0.212029015981627,-4.20858082658746,-1.04629924020543,"1"
"158",-0.925823560112203,0.998749217771909,2331.98821243434,-0.00208617190785308,-0.496910260643267,-0.476696519712976,253.04223486914,1.74893298153631,"1"
"159",38.5169704349977,-4.02497038533371,1.91176320293476,-0.998749217771909,460.832152668075,-0.00208617190785308,-0.724327087297537,-0.484837871827967,"1"
"160",-0.191749195688312,0.452003571795249,1993.59608196038,-4.11677560596058,0.278933240820111,0.998749217771909,-2.95866556458768,-0.280242426288262,"1"
"161",19.4688516347207,-0.723428206559773,35.23941520875,-2.2068409681768,438.062977429278,-3.93316516470684,-1.04886255254784,-0.998749217771909,"1"
"162",102.871169430507,1.03953114431459,-130.457369476319,-0.723877646928655,3.86264415757691,0.452003571795249,-1.68275051412008,-4.11677560596058,"1"
"163",0.19806976350248,-1.04373592786303,7341.8054998413,-0.959567210136544,157.434353807403,-0.723428206559773,0.288590579096123,5.76969265173935,"1"
"164",106.805785170677,-0.702269515361112,282.590928411766,-1.04373592786303,2401.99186874144,3.03862949876572,37.2708519150669,-0.722978766190891,"1"
"165",-0.69511346332021,-0.476696519712976,1561.19374853539,-1.1925100147406,29.4839351434752,-1.04373592786303,180.773608416716,3.03862949876572,"1"
"166",118.986334056931,-0.00208617190785308,-0.285673287268748,-0.484837871827967,803.423054643355,-0.702269515361112,68.5929591305234,-1.04373592786303,"1"
"167",-0.964273245248341,0.998749217771909,1988.14329546874,-0.280242426288262,-0.575112884828728,-0.476696519712976,261.018768489056,-0.212029015981627,"1"
"168",14.0049454660234,-4.02497038533371,-0.805347880018972,-0.998749217771909,1156.51838001707,0.276070082472555,-0.724327087297537,-0.484837871827967,"1"
"169",-0.0370635055034939,0.452003571795249,-185.032697282047,-4.11677560596058,1.04023700651564,2.99624765331573,-2.95866556458768,-0.280242426288262,"1"
"170",10.0115389857869,-0.723428206559773,15.6187566116231,-2.2068409681768,163.038057277387,-4.02497038533371,-1.04886255254784,-0.998749217771909,"1"
"171",114.85616004377,1.03953114431459,929.317959713037,-0.723877646928655,2.31578725572874,11.0873817316835,-1.68275051412008,-4.11677560596058,"1"
"172",-0.903592884020004,-1.04373592786303,1219.4727948995,-0.959567210136544,84.5574151597363,-0.722978766190891,0.500265734085873,0.452003571795249,"1"
"173",96.1704070107891,-0.702269515361112,176.4640933671,-1.04629924020543,750.060662546704,1.03953114431459,-0.55839868066867,-0.723877646928655,"1"
"174",-0.702304509222321,-0.484837871827967,218.477255849504,-0.702269515361112,96.9607723042273,-1.04373592786303,-2.99624765331573,-0.959567210136544,"1"
"175",71.0079735501043,-0.00208617190785308,-0.688821298155862,-0.476696519712976,7155.40266063659,3.21965447967477,-4.20858082658746,-1.04629924020543,"1"
"176",-0.925823560112203,0.998749217771909,2627.8547688931,-0.280242426288262,-0.576011765566492,-0.452272463368005,-4.86568550814886,-1.1925100147406,"1"
"177",15.9659074635414,-4.02497038533371,1.85793364374417,0.998749217771909,202.948464943879,-0.00208617190785308,-0.724327087297537,-0.484837871827967,"1"
"178",-0.199890547803302,-2.2068409681768,662.593126145082,-4.02497038533371,0.840298643807721,2.99624765331573,-2.95866556458768,-0.280242426288262,"1"
"179",12.2367890208301,-0.723877646928655,-3.39130057687954,0.452003571795249,301.776118601781,-4.02497038533371,-0.136323358650176,2.99624765331573,"1"
"180",50.9362101063674,1.03953114431459,1611.63525170818,-0.723428206559773,8.42180134197154,3.1108481117673,-1.68275051412008,-4.11677560596058,"1"
"181",-0.995398104646878,-1.04373592786303,2148.30956742738,1.03953114431459,37.5490081694473,-0.719383243239835,-0.492979223942957,-2.2068409681768,"1"
"182",90.852717930845,-0.702269515361112,5.24735689798053,-1.04373592786303,2663.66416379768,1.03953114431459,-0.55839868066867,-0.723877646928655,"1"
"183",-0.704102270697849,-0.476696519712976,747.587319303942,-1.1925100147406,60.146878832851,-1.04117261552062,306.616009855976,5.03772785321685,"1"
"184",106.991743930225,-0.00208617190785308,0.267587806824939,-0.484837871827967,689.092739424557,-0.702269515361112,4.23749947108492,-1.0360459908358,"1"
"185",-0.959146620563523,0.998749217771909,-0.959567210136544,-0.00208617190785308,-0.654663830120834,-0.476696519712976,-4.86568550814886,-1.1925100147406,"1"
"186",17.4366289616798,-4.02497038533371,-0.587466330914192,-0.998749217771909,632.754611150873,0.832382591233372,-0.724327087297537,-0.484837871827967,"1"
"187",-0.0696289139634555,0.452003571795249,731.717036557589,-4.11677560596058,3.94190657812283,6.99124452440336,-2.95866556458768,-0.280242426288262,"1"
"188",19.4688516347207,-0.723428206559773,4.83146505926077,-2.2068409681768,178.72575325753,-4.02497038533371,-1.04886255254784,-0.998749217771909,"1"
"189",92.8836772527875,1.03953114431459,435.868764442192,-0.723428206559773,2.67400674878831,0.452003571795249,127.250500822684,-3.47413906157247,"1"
"190",0.748901087263722,-1.04373592786303,3958.04315003008,1.03953114431459,44.2247582745771,-0.723428206559773,-0.492979223942957,-2.2068409681768,"1"
"191",128.076541490454,-1.1925100147406,153.604593431008,-1.04629924020543,420.473420681974,1.03953114431459,-0.55839868066867,-0.723877646928655,"1"
"192",-0.708596674386668,-0.476696519712976,978.906794281511,-1.1925100147406,75.5701558981658,-1.03860930317821,682.145715738214,7.03682620766799,"1"
"193",112.989038993578,-0.280242426288262,-0.512640673554136,-0.484837871827967,1274.03853821841,0.278211483397858,-4.20858082658746,-1.04629924020543,"1"
"194",-0.951456683536295,0.998749217771909,7441.68360641143,-0.280242426288262,-0.564775756344443,-0.476696519712976,-4.86568550814886,-1.1925100147406,"1"
"195",20.3780719579567,-4.02497038533371,18.9936766527495,-0.998749217771909,822.66895482373,-0.00208617190785308,-0.724327087297537,-0.484837871827967,"1"
"196",-0.0696289139634555,0.452003571795249,1481.7850006082,-4.11677560596058,0.173837434781335,0.998749217771909,702.723053556662,-0.00208617190785308,"1"
"197",10.0115389857869,-0.723428206559773,1.05387767790522,-2.2068409681768,115.484728837577,-4.02497038533371,-0.772024819567653,2.99624765331573,"1"
"198",110.861163172682,1.03953114431459,2605.209392355,-0.723877646928655,2.12039480496897,3.1108481117673,48.3217804225874,-3.93316516470684,"1"
"199",0.0144593222487325,-1.04629924020543,1684.88993038121,-0.959567210136544,282.882824532968,-0.722529325822009,-0.492979223942957,-2.2068409681768,"1"
"200",165.300365050063,-0.702269515361112,354.290805721354,-1.04629924020543,718.100687578003,1.03953114431459,26.4227579942309,-0.722079885453127,"1"
"201",-0.710394435862196,-0.476696519712976,518.926688866346,-1.1925100147406,2.12597939666683,-1.04373592786303,200.748592772154,7.03682620766799,"0"
"202",67.009776841202,-0.00208617190785308,0.169609806408672,-0.476696519712976,138.711919650342,-0.702269515361112,20.3034130807878,-1.04117261552062,"0"
"203",-0.928386872454613,0.998749217771909,18628.63799792,-0.00208617190785308,-0.709944995493314,-0.427848407023034,-4.86568550814886,-1.1925100147406,"0"
"204",12.534223967885,-4.02497038533371,-1.02835605380857,0.998749217771909,450.83666089582,0.832382591233372,-0.724327087297537,-0.484837871827967,"0"
"205",-0.15104243511336,0.452003571795249,5115.93782250832,-4.02497038533371,-0.684872199925741,6.99124452440336,-2.95866556458768,-0.280242426288262,"0"
"206",7.22997644198277,-0.723428206559773,7.2738706937579,0.452003571795249,165.489259774284,-3.93316516470684,-1.04886255254784,-0.998749217771909,"0"
"207",88.8886803816999,1.03953114431459,565.211422729082,-0.723877646928655,0.516548438315854,0.452003571795249,89.9922228698435,-3.74955472345309,"0"
"208",-0.81178766339313,-1.04373592786303,6245.17885872775,1.03953114431459,40.6087269676318,-0.722978766190891,-0.492979223942957,-2.2068409681768,"0"
"209",138.711919650342,-1.1925100147406,-80.6823296087732,-1.04373592786303,258.676047402924,1.03953114431459,-0.55839868066867,-0.723877646928655,"0"
"210",-0.709495555124432,-0.476696519712976,566.785890585842,-0.702269515361112,13.3262163131454,-1.04373592786303,-2.99624765331573,-0.959567210136544,"0"
"211",73.0070719045554,-0.00208617190785308,0.0761262096812256,-0.476696519712976,542.856289726094,-0.702269515361112,-4.20858082658746,-1.04629924020543,"0"
"212",-0.961709932905932,0.998749217771909,3269.56534067192,-0.00208617190785308,-0.696012344057974,-0.476696519712976,-4.86568550814886,-1.1925100147406,"0"
"213",17.9268694610593,-4.02497038533371,8.45077298842057,0.998749217771909,152.971006082601,-0.00208617190785308,-0.724327087297537,-0.484837871827967,"0"
"214",-0.15104243511336,0.452003571795249,-340.438935585344,-4.02497038533371,-0.725885197404287,2.99624765331573,-2.95866556458768,-0.280242426288262,"0"
"215",13.9057265471126,-0.723428206559773,7.5262526093226,0.452003571795249,171.862386266217,-3.74955472345309,-1.04886255254784,-0.998749217771909,"0"
"216",104.86866786605,1.03953114431459,2399.3737641135,-0.723877646928655,0.0524913677614007,0.452003571795249,-1.68275051412008,-4.11677560596058,"0"
"217",-1.82164509028874,-1.04373592786303,282.64602862945,1.03953114431459,86.5045089403992,-0.722978766190891,-0.492979223942957,-2.2068409681768,"0"
"218",93.5115624708171,-0.702269515361112,658.900527761321,-1.04373592786303,230.711069305311,7.03682620766799,42.5558207482946,-0.723428206559773,"0"
"219",-0.703203389960085,-0.476696519712976,5865.86305875014,-0.702269515361112,18.1918930063697,-1.03860930317821,-2.99624765331573,-0.959567210136544,"0"
"220",83.0025636768111,-0.00208617190785308,0.621297377135037,-0.476696519712976,359.396016468022,-0.212029015981627,-4.20858082658746,-1.04629924020543,"0"
"221",-0.933513497139431,0.998749217771909,6178.25344639832,-0.00208617190785308,-0.575112884828728,-0.452272463368005,-4.86568550814886,-1.1925100147406,"0"
"222",17.9268694610593,-4.02497038533371,-0.331135096673274,0.998749217771909,720.714938746722,-0.00208617190785308,-0.724327087297537,-0.484837871827967,"0"
"223",-0.191749195688312,0.452003571795249,278.734815130945,-4.02497038533371,-0.928386872454613,4.99374608885955,-2.95866556458768,-0.280242426288262,"0"
"224",12.7931015295909,-0.723428206559773,27.6842404460389,0.452003571795249,191.962246740776,-3.93316516470684,-1.04886255254784,-0.998749217771909,"0"
"225",68.9136960262617,1.03953114431459,336.845137882767,-0.723428206559773,1.42837987519478,0.452003571795249,171.372145766838,-4.02497038533371,"0"
"226",-1.2708137665275,-1.04373592786303,12259.6466481502,-0.959567210136544,66.7554148793902,-0.721630445084245,-0.492979223942957,-2.2068409681768,"0"
"227",106.805785170677,-1.1925100147406,-38.6355385616651,-1.04373592786303,839.948092146176,5.03772785321685,65.9209461162489,-0.719832683608717,"0"
"228",-0.708147234017786,-0.476696519712976,9043.18228401675,-1.1925100147406,20.5788287426684,-1.04373592786303,386.515947277729,3.03862949876572,"0"
"229",100.994448866871,-0.00208617190785308,-0.665450398974001,-0.484837871827967,1452.18112239654,0.278211483397858,-4.20858082658746,-1.04629924020543,"0"
"230",-0.961709932905932,0.998749217771909,464.830349376977,-0.00208617190785308,-0.531517169047178,-0.476696519712976,-4.86568550814886,-1.1925100147406,"0"
"231",20.3780719579567,-4.02497038533371,0.819792145068448,0.998749217771909,41.0214982333372,2.77947637189623,-0.724327087297537,-0.484837871827967,"0"
"232",0.00364325507145819,0.452003571795249,409.629028465268,-4.11677560596058,-0.669492325871285,0.998749217771909,-2.95866556458768,-0.280242426288262,"0"
"233",8.62075771388481,-0.723428206559773,-0.75350249162265,0.452003571795249,113.523766840059,-3.84135994407996,-1.04886255254784,-0.998749217771909,"0"
"234",74.9061913328932,1.03953114431459,71.4840712038571,-0.723877646928655,0.988746860985298,8.42853719171141,-1.68275051412008,-4.11677560596058,"0"
"235",0.106264542875606,-1.04629924020543,2.99624765331573,1.03953114431459,51.7349771428481,-0.723428206559773,-0.492979223942957,-2.2068409681768,"0"
"236",88.193873390873,-0.702269515361112,36.185716249237,-1.04373592786303,692.133207915933,1.03953114431459,-0.55839868066867,-0.723877646928655,"0"
"237",-0.705001151435613,-0.476696519712976,-2.2068409681768,-0.702269515361112,2.49320027917432,-1.04373592786303,306.616009855976,3.03862949876572,"0"
"238",73.0070719045554,-0.00208617190785308,-0.0978072130760911,-0.484837871827967,340.784104688218,0.278211483397858,-4.20858082658746,-1.04629924020543,"0"
"239",-0.920696935427385,-0.998749217771909,59.0133834233974,-0.280242426288262,-0.526573324989476,-0.468555167597986,-4.86568550814886,-1.1925100147406,"0"
"240",14.4951859654029,-4.02497038533371,2.11170156564267,-0.998749217771909,192.952973171623,0.832382591233372,-0.724327087297537,-0.484837871827967,"0"
"241",-0.183607843573321,-2.2068409681768,17.9268694610593,-4.11677560596058,-0.856614126867156,4.99374608885955,-2.95866556458768,-0.280242426288262,"0"
"242",15.0183515646342,-0.723428206559773,9.38248089154041,-2.2068409681768,116.955450335715,-4.02497038533371,-0.81047450470379,0.998749217771909,"0"
"243",82.8961850750684,1.03953114431459,131.287665895645,-0.723428206559773,1.27369418500996,11.0873817316835,-1.68275051412008,-4.11677560596058,"0"
"244",-1.08720332527375,-1.04373592786303,11266.8899256849,-0.959567210136544,46.4500083096204,-0.722978766190891,-0.492979223942957,-2.2068409681768,"0"
"245",154.664986890174,-0.702269515361112,-12.3792454623792,-1.04629924020543,80.8986866395246,9.03592456211912,-0.55839868066867,-0.723877646928655,"0"
"246",-0.705900032173377,-0.476696519712976,5190.51654559724,-0.702269515361112,6.16540910424927,-1.03348267849339,-2.99624765331573,-0.959567210136544,"0"
"247",63.0115801322997,-0.280242426288262,-0.723877646928655,-0.476696519712976,614.645092305339,-0.212029015981627,-4.20858082658746,-1.04629924020543,"0"
"248",-0.910443686057748,-0.998749217771909,1116.53641292805,-0.280242426288262,-0.716686601026544,-0.444131111253015,-4.86568550814886,-1.1925100147406,"0"
"249",23.8097554536131,-4.11677560596058,4.90827533121109,0.998749217771909,300.904284311985,2.50132011751582,-0.724327087297537,-0.484837871827967,"0"
"250",-0.224314604148273,0.452003571795249,64.0094764027309,-4.02497038533371,0.0328552559488296,0.998749217771909,-2.95866556458768,-0.280242426288262,"0"
"251",11.1241640033085,-0.723428206559773,21.635215824601,0.452003571795249,272.851929138391,-3.93316516470684,-1.04886255254784,-0.998749217771909,"0"
"252",84.8936835106123,-0.959567210136544,342.964575479136,-0.723428206559773,2.01455722747409,0.452003571795249,-1.68275051412008,-4.11677560596058,"0"
"253",-1.54622942840812,-1.04373592786303,1602.99249452391,1.03953114431459,89.8423839929641,-0.723428206559773,-0.492979223942957,-2.2068409681768,"0"
"254",77.5584952309848,-0.702269515361112,63.7272824372991,-1.04629924020543,324.59349577587,3.03862949876572,-0.55839868066867,-0.723877646928655,"0"
"255",-0.706349472542259,-0.476696519712976,2919.86330846111,-1.1925100147406,15.2541259463098,-1.04117261552062,488.388367490464,11.0350229165703,"0"
"256",71.0079735501043,-0.00208617190785308,-0.605225389543819,-0.476696519712976,1279.35622729835,-0.702269515361112,-4.20858082658746,-1.04629924020543,"0"
"257",-0.900190436688112,0.998749217771909,3217.58878345619,-0.280242426288262,-0.657809912703007,-0.476696519712976,-4.86568550814886,-1.1925100147406,"0"
"258",15.9659074635414,-4.11677560596058,-0.777151444252471,0.998749217771909,234.934038615097,-0.00208617190785308,-0.724327087297537,-0.484837871827967,"0"
"259",-0.0126394491585226,0.452003571795249,-0.212029015981627,-4.02497038533371,-0.323445159646046,16.9787367021225,-2.95866556458768,-0.280242426288262,"0"
"260",9.17707022264563,-0.723428206559773,-0.484837871827967,-2.2068409681768,58.6168309095565,-4.02497038533371,-0.861740751551974,0.998749217771909,"0"
"261",90.8861788172437,-0.959567210136544,5.83919517008072,-0.723877646928655,-0.419707054908043,24.3816044315437,-1.68275051412008,-4.11677560596058,"0"
"262",1.11612196977122,-1.04373592786303,13975.4978042823,-0.959567210136544,32.2640393362195,-0.723428206559773,-0.492979223942957,-2.2068409681768,"0"
"263",77.5584952309848,-0.702269515361112,1.57514807290558,-1.04629924020543,424.468417553061,1.03953114431459,-0.55839868066867,-0.723877646928655,"0"
"264",-0.699158426640147,-0.476696519712976,5073.52738583847,-1.1925100147406,11.2146962387273,-1.04373592786303,-2.99624765331573,-0.959567210136544,"0"
"265",104.992645575774,-0.00208617190785308,2.48153106393745,-0.484837871827967,231.771478549364,-0.212029015981627,-4.20858082658746,-1.04629924020543,"0"
"266",-0.954019995878704,0.998749217771909,1904.18116458179,-0.00208617190785308,-0.564775756344443,-0.468555167597986,888.506079922461,0.278211483397858,"0"
"267",13.5147049666439,-4.02497038533371,2.38341267393805,0.998749217771909,160.967399500405,1.38869509999419,-0.724327087297537,-0.484837871827967,"0"
"268",-0.0126394491585226,0.452003571795249,713.087897581169,-4.02497038533371,-0.677182262898513,6.99124452440336,-2.95866556458768,-0.280242426288262,"0"
"269",15.8528203277754,-0.723428206559773,38.9193063647256,-2.2068409681768,178.235512758151,-4.02497038533371,-1.04886255254784,-0.998749217771909,"0"
"270",112.858661608226,1.03953114431459,292.340137181901,-0.723428206559773,1.36324905827486,8.42853719171141,-1.68275051412008,-4.11677560596058,"0"
"271",-0.719982442766257,-1.04629924020543,-0.998749217771909,1.03953114431459,4.44841389817868,-0.720731564346481,-0.492979223942957,-2.2068409681768,"0"
"272",90.852717930845,-0.702269515361112,12.5917745481304,-1.04629924020543,756.053157853335,1.03953114431459,-0.55839868066867,-0.723877646928655,"0"
"273",-0.700506747746793,-0.484837871827967,1319.23889539793,-1.1925100147406,21.3132705076834,-1.04117261552062,-2.99624765331573,-0.959567210136544,"0"
"274",102.993547221322,-0.280242426288262,-0.632191811676736,-0.484837871827967,354.078327388078,-0.212029015981627,-4.20858082658746,-1.04629924020543,"0"
"275",-0.948893371193886,0.998749217771909,1986.14419711429,-0.280242426288262,-0.670394243031702,-0.476696519712976,-4.86568550814886,-1.1925100147406,"0"
"276",17.4366289616798,-4.02497038533371,5.48502060825315,0.998749217771909,118.986334056931,-0.00208617190785308,-0.724327087297537,-0.484837871827967,"0"
"277",-0.0696289139634555,-2.2068409681768,158.135652283592,-4.02497038533371,-0.395217905233503,2.99624765331573,-2.95866556458768,-0.280242426288262,"0"
"278",10.5678514945477,-0.723877646928655,2.62515863609837,-2.2068409681768,97.3458303605358,-3.84135994407996,-1.04886255254784,-0.998749217771909,"0"
"279",106.866166301594,1.03953114431459,1102.60930619203,-0.723428206559773,0.63866872004071,3.1108481117673,-1.68275051412008,-4.11677560596058,"0"
"280",-1.08720332527375,-1.04373592786303,-0.998749217771909,-0.959567210136544,58.4107272479779,-0.722529325822009,-0.492979223942957,-2.2068409681768,"0"
"281",80.2173397709568,-0.702269515361112,56.8418908902835,-1.04373592786303,1970.53220666398,5.03772785321685,-0.55839868066867,-0.723877646928655,"0"
"282",-0.704551711066731,-0.476696519712976,239.74801216928,-0.702269515361112,-0.719982442766257,-1.04373592786303,-2.99624765331573,-0.959567210136544,"0"
"283",77.0052686134576,-0.00208617190785308,-0.714888839551016,-0.476696519712976,287.607213888777,-0.702269515361112,-4.20858082658746,-1.04629924020543,"0"
"284",-0.913006998400158,-0.998749217771909,852.655430140497,-0.280242426288262,-0.707697793648904,-0.460413815482995,-4.86568550814886,-1.1925100147406,"0"
"285",23.8097554536131,-4.02497038533371,6.4744591724231,0.998749217771909,1452.38493647584,0.832382591233372,-0.724327087297537,-0.484837871827967,"0"
"286",-0.126618378768388,-2.2068409681768,-1.1925100147406,-4.11677560596058,-0.866867376236792,18.9762351376663,-2.95866556458768,-0.280242426288262,"0"
"287",13.0712577839713,-0.723428206559773,7.7786345248873,-2.2068409681768,47.8315399232079,-3.84135994407996,-1.04886255254784,-0.998749217771909,"0"
"288",122.846153785945,-0.959567210136544,450.054733415593,-0.723877646928655,3.86264415757691,0.452003571795249,-1.68275051412008,-4.11677560596058,"0"
"289",-0.169151119005015,-1.04629924020543,48.9387116708235,1.03953114431459,65.3646336074881,-0.720731564346481,-0.492979223942957,-2.2068409681768,"0"
"290",122.75885241051,-0.702269515361112,72.9996097206133,-1.04629924020543,1015.72795447403,1.03953114431459,-0.55839868066867,-0.723877646928655,"0"
"291",-0.698259545902383,-0.476696519712976,20949.4881340116,-1.1925100147406,25.0772845533852,-1.04117261552062,-2.99624765331573,-0.959567210136544,"0"
"292",67.009776841202,-0.00208617190785308,-0.747248546110516,-0.484837871827967,29.6992935114878,-0.702269515361112,-4.20858082658746,-1.04629924020543,"0"
"293",-0.943766746509068,-0.998749217771909,-0.959567210136544,-0.280242426288262,-0.693765142213564,-0.468555167597986,-4.86568550814886,-1.1925100147406,"0"
"294",20.8683124573362,-4.02497038533371,-0.928386872454613,0.998749217771909,466.829447731429,-0.00208617190785308,-0.724327087297537,-0.484837871827967,"0"
"295",-0.0289221533885035,0.452003571795249,1542.57482253126,-4.11677560596058,-0.682308887583331,4.99374608885955,-2.95866556458768,-0.280242426288262,"0"
"296",11.1241640033085,-0.723428206559773,14.837186808584,0.452003571795249,79.6971723828744,-3.93316516470684,-1.04886255254784,-0.998749217771909,"0"
"297",92.8836772527875,1.03953114431459,41.7213519851534,-0.723428206559773,1.06201903002021,0.452003571795249,-1.68275051412008,-4.11677560596058,"0"
"298",-1.08720332527375,-1.04373592786303,985.765477940874,1.03953114431459,43.9466020201967,-0.723428206559773,2.33206995995872,3.1108481117673,"0"
"299",114.782318790594,-1.1925100147406,31.5036499972664,-1.04373592786303,490.385865926007,3.03862949876572,102.637571694463,-0.722978766190891,"0"
"300",-0.701405628484557,-0.484837871827967,354.078327388078,-1.1925100147406,20.0279974189072,-1.04117261552062,-2.99624765331573,-0.959567210136544,"0"
"301",132.980022538089,-0.280242426288262,0.0608452371392392,-0.484837871827967,354.078327388078,-0.702269515361112,-4.20858082658746,-1.04629924020543,"0"
"302",-0.938640121824249,0.998749217771909,29.0269081066305,-0.00208617190785308,-0.620506362085805,-0.476696519712976,-4.86568550814886,-1.1925100147406,"0"
"303",18.4171099604388,-4.02497038533371,-0.774588131910062,0.998749217771909,398.86010368009,0.276070082472555,-0.724327087297537,-0.484837871827967,"0"
"304",-0.126618378768388,0.452003571795249,541.01348229897,-4.02497038533371,-0.590029643256601,8.98874295994718,236.933136969548,2.77947637189623,"0"
"305",15.0183515646342,-0.723428206559773,0.809637114455509,0.452003571795249,89.0117418710846,-4.02497038533371,-1.04886255254784,-0.998749217771909,"0"
"306",114.85616004377,1.03953114431459,37.5490081694473,-0.723428206559773,1.13529119905513,0.452003571795249,-1.68275051412008,-4.11677560596058,"0"
"307",0.840706307890596,-1.04373592786303,152.808630319102,-0.959567210136544,49.7878833621853,-0.722079885453127,-0.492979223942957,-2.2068409681768,"0"
"308",120.100007870538,-0.702269515361112,12.0409432243692,-1.04629924020543,260.673545838468,1.03953114431459,-0.55839868066867,-0.723877646928655,"0"
"309",-0.707697793648904,-0.476696519712976,58.9465834511804,-0.702269515361112,9.83761792932422,-1.04117261552062,692.133207915933,1.03953114431459,"0"
"310",73.0070719045554,-0.00208617190785308,-0.623652444667979,-0.484837871827967,61.6054279911525,3.70989497905425,-4.20858082658746,-1.04629924020543,"0"
"311",-0.964273245248341,0.998749217771909,5324.63844904768,-0.00208617190785308,-0.615113077659222,-0.427848407023034,-4.86568550814886,-1.1925100147406,"0"
"312",17.9268694610593,-4.02497038533371,3.04218394593721,0.998749217771909,202.948464943879,0.276070082472555,-0.724327087297537,-0.484837871827967,"0"
"313",-0.16732513934334,0.452003571795249,703.773328092958,-4.02497038533371,-0.502877023614689,2.99624765331573,-2.95866556458768,-0.280242426288262,"0"
"314",16.1309765821558,-0.723428206559773,8.13685401794688,-2.2068409681768,49.3022614213463,-3.93316516470684,-1.04886255254784,-0.998749217771909,"0"
"315",72.9086928973494,1.03953114431459,746.569300585108,-0.723877646928655,1.03759497367524,3.1108481117673,-1.68275051412008,-4.11677560596058,"0"
"316",-1.2708137665275,-1.04373592786303,2653.67667161996,1.03953114431459,36.9926956606865,-0.723428206559773,-0.492979223942957,-2.2068409681768,"0"
"317",114.782318790594,-0.702269515361112,39.5825094124313,-1.04373592786303,943.818010794454,1.03953114431459,-0.55839868066867,-0.723877646928655,"0"
"318",-0.706349472542259,-0.476696519712976,2055.73883297019,-0.702269515361112,-1.45442420778125,-1.04373592786303,-2.99624765331573,-0.959567210136544,"0"
"319",96.996252157969,-0.00208617190785308,-0.452865104492836,-0.476696519712976,1566.51143761533,0.278211483397858,-4.20858082658746,-1.04629924020543,"0"
"320",-0.925823560112203,0.998749217771909,1832.21362382155,-0.280242426288262,-0.491067535847802,-0.460413815482995,561.468201505898,1.25869248215683,"0"
"321",20.3780719579567,-4.02497038533371,4.12390175443388,0.998749217771909,146.973711019247,0.554226336852964,-0.724327087297537,-0.484837871827967,"0"
"322",-0.110335674538408,0.452003571795249,6.16109747595167,-4.11677560596058,-0.487497149560234,8.98874295994718,-2.95866556458768,-0.280242426288262,"0"
"323",14.7401953102538,-0.723877646928655,21.9934353176606,-2.2068409681768,376.782915006842,-4.02497038533371,-1.04886255254784,-0.998749217771909,"0"
"324",50.9362101063674,1.03953114431459,793.855863829778,-0.723877646928655,-0.0614875618484651,5.76969265173935,-1.68275051412008,-4.11677560596058,"0"
"325",-0.995398104646878,-1.04373592786303,827.963101532913,-0.959567210136544,100.134165405039,-0.722978766190891,-0.492979223942957,-2.2068409681768,"0"
"326",149.34729781023,-0.702269515361112,155.716113505426,-1.04629924020543,726.090681320178,3.03862949876572,-0.55839868066867,-0.723877646928655,"0"
"327",-0.707248353280022,-0.476696519712976,-2.2068409681768,-0.702269515361112,20.8542444045491,-1.04373592786303,-2.99624765331573,-0.959567210136544,"0"
"328",87.0007603857133,-0.00208617190785308,-0.643877261267667,-0.484837871827967,332.807571068302,-0.212029015981627,-4.20858082658746,-1.04629924020543,"0"
"329",-0.913006998400158,0.998749217771909,-980.517760891192,-0.00208617190785308,-0.69061905963139,-0.403424350678062,-4.86568550814886,-1.1925100147406,"0"
"330",15.9659074635414,-4.11677560596058,-2.88675750205523,0.998749217771909,92.9980554490667,-0.00208617190785308,-0.724327087297537,-0.484837871827967,"0"
"331",-0.0452048576184843,-2.2068409681768,3474.12239008643,-4.11677560596058,-0.943766746509068,0.998749217771909,-2.95866556458768,-0.280242426288262,"0"
"332",9.45522647702603,-0.723428206559773,-0.484837871827967,-2.2068409681768,236.08389168493,-3.74955472345309,-1.04886255254784,-0.998749217771909,"0"
"333",60.9237022840865,1.03953114431459,389.138513706284,-0.723428206559773,0.939898748295356,3.1108481117673,-0.212029015981627,-4.02497038533371,"0"
"334",-0.903592884020004,-1.04373592786303,2322.09193131969,1.03953114431459,78.7161338177477,-0.723428206559773,-0.492979223942957,-2.2068409681768,"0"
"335",93.5115624708171,-0.702269515361112,80.7112482532707,-1.04373592786303,344.568480131309,7.03682620766799,-0.55839868066867,-0.723877646928655,"0"
"336",-0.700057307377911,-0.476696519712976,-967.367408978032,-0.702269515361112,14.336073740041,-1.04117261552062,-2.99624765331573,-0.959567210136544,"0"
"337",87.0007603857133,-0.00208617190785308,-0.600730985854999,-0.476696519712976,1085.26057588039,-0.702269515361112,-4.20858082658746,-1.04629924020543,"0"
"338",-0.920696935427385,0.998749217771909,9420.79097731805,-0.00208617190785308,-0.70904611475555,-0.476696519712976,-4.86568550814886,-1.1925100147406,"0"
"339",28.712160447408,-4.02497038533371,-0.597719580283828,-0.998749217771909,156.969202791503,0.276070082472555,-0.641630059423257,-0.468555167597986,"0"
"340",-0.0533462097334747,0.452003571795249,99.7970328574332,-4.11677560596058,-0.823291066415836,10.986241395491,-2.95866556458768,-0.280242426288262,"0"
"341",8.06444520512399,-0.723428206559773,5.09198832694047,0.452003571795249,11.0635024697465,-3.84135994407996,-1.04886255254784,-0.998749217771909,"0"
"342",62.9212007196303,1.03953114431459,-127.675806932515,-0.723877646928655,0.679375480615662,0.452003571795249,-1.68275051412008,-4.11677560596058,"0"
"343",-0.0773458983781412,-1.04373592786303,27670.3470783707,1.03953114431459,369.389419645275,-0.722529325822009,-0.492979223942957,-2.2068409681768,"0"
"344",112.123474250621,-1.1925100147406,111.5578023839,-1.04629924020543,32.958724186473,7.03682620766799,-0.55839868066867,-0.723877646928655,"0"
"345",-0.707248353280022,-0.476696519712976,1252.76778189863,-0.702269515361112,22.8739592583403,-1.03860930317821,-2.99624765331573,-0.959567210136544,"0"
"346",106.991743930225,-0.00208617190785308,-0.886125620095041,-0.476696519712976,601.350869605479,-0.702269515361112,-4.20858082658746,-1.04629924020543,"0"
"347",-0.964273245248341,0.998749217771909,5102.73853170361,-0.00208617190785308,-0.517584517611837,-0.427848407023034,-4.86568550814886,-1.1925100147406,"0"
"348",20.3780719579567,-4.11677560596058,0.332762800010704,-0.998749217771909,390.863710262286,0.276070082472555,-0.724327087297537,-0.484837871827967,"0"
"349",-0.142901082998369,0.452003571795249,4.20013547843373,-4.11677560596058,-0.761771570198016,4.99374608885955,-2.95866556458768,-0.280242426288262,"0"
"350",11.4023202576889,-0.723428206559773,1.7540339597944,0.452003571795249,66.9509193990078,-3.56594428219934,-1.04886255254784,-0.998749217771909,"0"
"351",78.9011882039808,1.03953114431459,156.321728789882,-0.723428206559773,4.52209367889114,0.452003571795249,-1.68275051412008,-4.11677560596058,"0"
"352",-1.17900854590063,-1.04373592786303,3135.07379458602,-0.959567210136544,43.1121332570555,-0.723428206559773,-0.492979223942957,-2.2068409681768,"0"
"353",149.34729781023,-0.702269515361112,455.827379734677,-1.04629924020543,1137.5753590422,7.03682620766799,-0.55839868066867,-0.723877646928655,"0"
"354",-0.704551711066731,-0.484837871827967,420.54944088738,-1.1925100147406,6.16540910424927,-1.0360459908358,-2.99624765331573,-0.959567210136544,"0"
"355",81.0034653223599,-0.00208617190785308,-0.648371664956486,-0.476696519712976,494.997088006597,0.278211483397858,-4.20858082658746,-1.04629924020543,"0"
"356",-0.895063812003293,0.998749217771909,1422.39846115907,-0.00208617190785308,-0.674888646720522,-0.476696519712976,-4.86568550814886,-1.1925100147406,"0"
"357",22.3390339554747,-4.02497038533371,2.9575946386377,-0.998749217771909,98.9953505124201,0.276070082472555,-0.724327087297537,-0.484837871827967,"0"
"358",-0.102194322423417,0.452003571795249,974.386083750434,-4.02497038533371,-0.769461507225243,6.99124452440336,-2.95866556458768,-0.280242426288262,"0"
"359",8.89891396826522,-0.723428206559773,-0.484837871827967,0.452003571795249,20.3780719579567,-3.38233384094559,-1.04886255254784,-0.998749217771909,"0"
"360",80.8986866395246,1.03953114431459,-4.45258624199439,-0.723428206559773,0.891050635605413,3.1108481117673,-1.68275051412008,-4.11677560596058,"0"
"361",-0.903592884020004,-1.04373592786303,1421.22013688943,1.03953114431459,73.7093212389004,-0.722079885453127,-0.492979223942957,-2.2068409681768,"0"
"362",133.394230570398,-1.1925100147406,-0.0773458983781412,-1.04629924020543,272.658536451731,3.03862949876572,-0.55839868066867,-0.723877646928655,"0"
"363",-0.705900032173377,-0.476696519712976,819.376121883188,-0.702269515361112,16.1721781525785,-1.04117261552062,-2.99624765331573,-0.959567210136544,"0"
"364",75.0061702590065,-0.00208617190785308,-0.741855261683933,-0.476696519712976,601.350869605479,-0.702269515361112,-4.20858082658746,-1.04629924020543,"0"
"365",-0.90531706137293,0.998749217771909,1904.18116458179,-0.00208617190785308,-0.66769760081841,-0.460413815482995,-4.86568550814886,-1.1925100147406,"0"
"366",17.9268694610593,-4.11677560596058,14.0080341467637,-0.998749217771909,558.787972036181,-0.00208617190785308,-0.569270160033262,-0.468555167597986,"0"
"367",-0.126618378768388,0.452003571795249,30.6731224449259,-4.11677560596058,-0.910443686057748,20.9737335732101,-2.95866556458768,-0.280242426288262,"0"
"368",10.2896952401673,-0.723428206559773,54.1110694112977,-2.2068409681768,68.9118813965257,-3.93316516470684,-1.04886255254784,-0.998749217771909,"0"
"369",84.8936835106123,-0.959567210136544,316.261575058617,-0.723877646928655,0.0443500156464103,0.452003571795249,-1.68275051412008,-4.11677560596058,"0"
"370",0.473485425383101,-1.04373592786303,1772.77986154514,-0.959567210136544,44.2247582745771,-0.722529325822009,-0.492979223942957,-2.2068409681768,"0"
"371",104.146940630705,-0.702269515361112,80.8030534738976,-1.04373592786303,42.9462163641921,15.0332196254725,-0.55839868066867,-0.723877646928655,"0"
"372",-0.699607867009029,-0.476696519712976,258.359923949084,-1.1925100147406,34.4414170573264,-1.0360459908358,-2.99624765331573,-0.959567210136544,"0"
"373",87.0007603857133,-0.00208617190785308,-0.120728671889071,-0.476696519712976,295.583747508693,-0.212029015981627,29.8511560259827,-1.04117261552062,"0"
"374",-0.910443686057748,0.998749217771909,270.917808995218,-0.280242426288262,-0.609719793232638,-0.476696519712976,-4.86568550814886,-1.1925100147406,"0"
"375",16.4561479629209,-4.02497038533371,3.05756381999166,0.998749217771909,324.893464565398,0.554226336852964,-0.724327087297537,-0.484837871827967,"0"
"376",-0.0452048576184843,0.452003571795249,416.002154957201,-4.02497038533371,-0.769461507225243,2.99624765331573,-2.95866556458768,-0.280242426288262,"0"
"377",10.8460077489281,-0.723428206559773,-0.484837871827967,0.452003571795249,80.6776533816333,-3.93316516470684,-1.04886255254784,-0.998749217771909,"0"
"378",104.86866786605,1.03953114431459,-21.4201177591993,-0.723877646928655,0.923616044065375,0.452003571795249,79.2069318834949,-3.74955472345309,"0"
"379",0.473485425383101,-1.04373592786303,3093.1263274396,1.03953114431459,123.499290772993,-0.722978766190891,1.94942641055417,13.7462262716555,"0"
"380",130.735386030426,-0.702269515361112,168.293428731308,-1.04373592786303,88.8886803816999,3.03862949876572,50.0660396165657,-0.718933802870953,"0"
"381",-0.709495555124432,-0.476696519712976,-672.235665041134,-0.702269515361112,0.657095866636848,-1.0360459908358,-2.99624765331573,-0.959567210136544,"0"
"382",94.9971538035178,-0.00208617190785308,2.19254090674635,-0.476696519712976,697.069273044473,-0.702269515361112,-4.20858082658746,-1.04629924020543,"0"
"383",-0.930950184797022,0.998749217771909,4692.92336904112,-0.00208617190785308,-0.502752985438733,-0.476696519712976,391.302150947687,-0.702269515361112,"0"
"384",20.3780719579567,-4.02497038533371,8.34824049472421,-0.998749217771909,648.747397986482,-0.00208617190785308,-0.724327087297537,-0.484837871827967,"0"
"385",-0.118477026653398,-2.2068409681768,10.0830214709875,-4.02497038533371,-0.887373874976066,6.99124452440336,-2.95866556458768,-0.280242426288262,"0"
"386",7.78628895074358,-0.723428206559773,-1.41295201293687,0.452003571795249,63.5192359033514,-3.93316516470684,-0.126070109280539,2.99624765331573,"0"
"387",64.9186991551741,1.03953114431459,99.299696641898,-0.723877646928655,1.39581446673482,0.452003571795249,170.391664768079,-4.02497038533371,"0"
"388",-0.81178766339313,-1.04373592786303,2735.57410747726,-0.959567210136544,61.192289791782,-0.721630445084245,-0.492979223942957,-2.2068409681768,"0"
"389",96.1704070107891,-0.702269515361112,12.0409432243692,-1.04373592786303,292.633520807169,3.03862949876572,96.2399778437135,-0.723428206559773,"0"
"390",-0.705450591804495,-0.476696519712976,-2.2068409681768,-1.1925100147406,73.917661926882,-1.03860930317821,-2.99624765331573,-0.959567210136544,"0"
"391",61.0124817778486,-0.280242426288262,0.0702834848857602,-0.484837871827967,1048.03675232078,1.74893298153631,-4.20858082658746,-1.04629924020543,"0"
"392",-0.900190436688112,-0.998749217771909,1818.21993534039,-0.00208617190785308,-0.641630059423257,-0.468555167597986,-4.86568550814886,-1.1925100147406,"0"
"393",21.8487934560952,-4.11677560596058,-1.17190154498348,0.998749217771909,27.0278097521793,1.38869509999419,-0.576910646304255,-0.297586773183187,"0"
"394",-0.142901082998369,0.452003571795249,121.367614830131,-4.02497038533371,-0.928386872454613,30.9612257509292,-2.95866556458768,-0.280242426288262,"0"
"395",9.17707022264563,-0.723428206559773,19.7871288944982,0.452003571795249,89.5019823704641,-3.93316516470684,-0.584903018571783,0.998749217771909,"0"
"396",102.871169430507,1.03953114431459,228.086042420027,-0.723428206559773,2.98337812915795,3.1108481117673,-1.68275051412008,-4.11677560596058,"0"
"397",-0.444566780885636,-1.04373592786303,7375.76297324555,1.03953114431459,15.574664073395,-0.719383243239835,-0.492979223942957,-2.2068409681768,"0"
"398",93.5115624708171,-0.702269515361112,267.351261787705,-1.04373592786303,384.518448842185,3.03862949876572,73.43116498452,-0.722529325822009,"0"
"399",-0.700506747746793,-0.484837871827967,526.903222486262,-0.702269515361112,30.1265716878633,-1.04373592786303,470.410881570569,3.03862949876572,"0"
"400",77.0052686134576,-0.00208617190785308,-0.455112306337246,-0.476696519712976,1178.32013477941,-0.702269515361112,-4.20858082658746,-1.04629924020543,"0"
